saison,date_utc,statut,dernière_mise_à_jour,équipe_à_domicile,équipe_à_extérieur,vainqueur,durée,équipe_à_domicile_temps_complet,équipe_à_extérieur_temps_complet,équipe_à_domicile_mi_temps,équipe_à_extérieur_mi_temps,équipe_à_domicile_temps_supplémentaire,équipe_à_extérieur_temps_supplémentaire,équipe_à_domicile_penalties,équipe_à_extérieur_penalties,arbitres_nom,arbitres_nationalité
2022-06-21 - 2023-06-10,2022-06-21T13:00:00Z,FINISHED,2023-03-14T00:20:28Z,SP La Fiorita,Inter Club d'Escaldes,AWAY_TEAM,REGULAR,1,2,1,0,,,,,Rohit Saggi,Norway
2022-06-21 - 2023-06-10,2022-06-21T19:30:00Z,FINISHED,2023-03-14T00:20:28Z,FCI Levadia,KR Reykjavík,AWAY_TEAM,REGULAR,1,6,1,3,,,,,Tomasz Musial,
2022-06-21 - 2023-06-10,2022-06-24T19:30:00Z,FINISHED,2023-03-14T00:20:28Z,Inter Club d'Escaldes,KR Reykjavík,AWAY_TEAM,REGULAR,0,1,0,0,,,,,Urs Schnyder,Switzerland
2022-06-21 - 2023-06-10,2022-07-05T16:00:00Z,FINISHED,2023-03-14T00:20:28Z,FC Pyunik Yerevan,FC CFR 1907 Cluj,DRAW,REGULAR,0,0,0,0,,,,,Bastian Dankert,Germany
2022-06-21 - 2023-06-10,2022-07-05T17:00:00Z,FINISHED,2023-03-14T00:20:28Z,Malmö FF,KF Víkingur,HOME_TEAM,REGULAR,3,2,2,1,,,,,Dumitru Muntean,
2022-06-21 - 2023-06-10,2022-07-05T17:45:00Z,FINISHED,2023-03-14T00:20:28Z,PFK Ludogorets 1945 Razgrad,FK Sutjeska Nikšić,HOME_TEAM,REGULAR,2,0,0,0,,,,,Vitor Ferreira,Portugal
2022-06-21 - 2023-06-10,2022-07-05T18:00:00Z,FINISHED,2023-03-14T00:20:28Z,KKS Lech Poznań,Qarabağ Ağdam FK,HOME_TEAM,REGULAR,1,0,1,0,,,,,José Munuera,
2022-06-21 - 2023-06-10,2022-07-05T18:00:00Z,FINISHED,2023-03-14T00:20:28Z,The New Saints FC,Linfield FC,HOME_TEAM,REGULAR,1,0,0,0,,,,,Andrei Chivulete,Romania
2022-06-21 - 2023-06-10,2022-07-05T18:00:00Z,FINISHED,2023-03-14T00:20:28Z,Ballkani,FK Žalgiris Vilnius,DRAW,REGULAR,1,1,1,1,,,,,Rob Harvey,Ireland
2022-06-21 - 2023-06-10,2022-07-05T18:30:00Z,FINISHED,2023-03-14T00:20:28Z,Shamrock Rovers FC,Hibernians FC,HOME_TEAM,REGULAR,3,0,2,0,,,,,Morten Krogh,Denmark
2022-06-21 - 2023-06-10,2022-07-05T18:45:00Z,FINISHED,2023-03-14T00:20:28Z,FK Shkupi Skopje,Lincoln Red Imps FC,HOME_TEAM,REGULAR,3,0,2,0,,,,,Sebastian Gishamer,Austria
2022-06-21 - 2023-06-10,2022-07-06T14:00:00Z,FINISHED,2023-03-14T00:20:28Z,Tobol Kostanay,Ferencvárosi TC,DRAW,REGULAR,0,0,0,0,,,,,Dario Bel,Croatia
2022-06-21 - 2023-06-10,2022-07-06T16:00:00Z,FINISHED,2023-03-14T00:20:28Z,FK Bodø/Glimt,KÍ,HOME_TEAM,REGULAR,3,0,2,0,,,,,Mohammed Al-Hakim,Sweden
2022-06-21 - 2023-06-10,2022-07-06T16:00:00Z,FINISHED,2023-03-14T00:20:28Z,Helsingin JK,FK Rīgas Futbola Skola,HOME_TEAM,REGULAR,1,0,1,0,,,,,Juxhin Xhaja,Albania
2022-06-21 - 2023-06-10,2022-07-06T17:30:00Z,FINISHED,2023-03-14T00:20:28Z,F91 Diddeleng,KF Tirana,HOME_TEAM,REGULAR,1,0,0,0,,,,,Rohit Saggi,Norway
2022-06-21 - 2023-06-10,2022-07-06T18:00:00Z,FINISHED,2023-03-14T00:20:28Z,HŠK Zrinjski Mostar,FC Sheriff Tiraspol,DRAW,REGULAR,0,0,0,0,,,,,Fabio Maresca,Italy
2022-06-21 - 2023-06-10,2022-07-06T18:15:00Z,FINISHED,2023-03-14T00:20:28Z,NK Maribor,FK Šachcior Salihorsk,DRAW,REGULAR,0,0,0,0,,,,,Anastasios Papapetrou,Greece
2022-06-21 - 2023-06-10,2022-07-06T18:30:00Z,FINISHED,2023-03-14T00:20:28Z,ŠK Slovan Bratislava,FC Dinamo Batumi,DRAW,REGULAR,0,0,0,0,,,,,David Coote,England
2022-06-21 - 2023-06-10,2022-07-12T15:30:00Z,FINISHED,2023-03-14T00:20:28Z,FK Rīgas Futbola Skola,Helsingin JK,AWAY_TEAM,PENALTY_SHOOTOUT,6,6,0,0,0,0,4,5,,
2022-06-21 - 2023-06-10,2022-07-12T16:00:00Z,FINISHED,2023-03-14T00:20:28Z,Lincoln Red Imps FC,FK Shkupi Skopje,HOME_TEAM,REGULAR,2,0,1,0,,,,,,
2022-06-21 - 2023-06-10,2022-07-12T16:00:00Z,FINISHED,2023-03-14T00:20:28Z,Qarabağ Ağdam FK,KKS Lech Poznań,HOME_TEAM,REGULAR,5,1,2,1,,,,,,
2022-06-21 - 2023-06-10,2022-07-12T16:00:00Z,FINISHED,2023-03-14T00:20:28Z,FK Žalgiris Vilnius,Ballkani,HOME_TEAM,EXTRA_TIME,1,0,0,0,1,0,,,,
2022-06-21 - 2023-06-10,2022-07-12T17:00:00Z,FINISHED,2023-03-14T00:20:28Z,FC Sheriff Tiraspol,HŠK Zrinjski Mostar,HOME_TEAM,REGULAR,1,0,1,0,,,,,,
2022-06-21 - 2023-06-10,2022-07-12T18:00:00Z,FINISHED,2023-03-14T00:20:28Z,Hibernians FC,Shamrock Rovers FC,DRAW,REGULAR,0,0,0,0,,,,,Manfredas Lukjančukas,Lithuania
2022-06-21 - 2023-06-10,2022-07-12T18:00:00Z,FINISHED,2023-03-14T00:20:28Z,KF Tirana,F91 Diddeleng,AWAY_TEAM,REGULAR,1,2,0,0,,,,,César Soto,Spain
2022-06-21 - 2023-06-10,2022-07-12T19:00:00Z,FINISHED,2023-03-14T00:20:28Z,FK Sutjeska Nikšić,PFK Ludogorets 1945 Razgrad,AWAY_TEAM,REGULAR,0,1,0,0,,,,,,
2022-06-21 - 2023-06-10,2022-07-12T19:30:00Z,FINISHED,2023-03-14T00:20:28Z,KF Víkingur,Malmö FF,DRAW,REGULAR,3,3,1,2,,,,,,
2022-06-21 - 2023-06-10,2022-07-13T17:00:00Z,FINISHED,2023-03-14T00:20:28Z,FC Dinamo Batumi,ŠK Slovan Bratislava,AWAY_TEAM,EXTRA_TIME,1,2,0,0,1,2,,,António Nobre,Portugal
2022-06-21 - 2023-06-10,2022-07-13T17:00:00Z,FINISHED,2023-03-14T00:20:28Z,FK Šachcior Salihorsk,NK Maribor,AWAY_TEAM,REGULAR,0,2,0,1,,,,,Enea Jorgji,Albania
2022-06-21 - 2023-06-10,2022-07-13T17:00:00Z,FINISHED,2023-03-14T00:20:28Z,KÍ,FK Bodø/Glimt,HOME_TEAM,REGULAR,3,1,2,0,,,,,,
2022-06-21 - 2023-06-10,2022-07-13T18:00:00Z,FINISHED,2023-03-14T00:20:28Z,Ferencvárosi TC,Tobol Kostanay,HOME_TEAM,REGULAR,5,1,3,1,,,,,,
2022-06-21 - 2023-06-10,2022-07-13T18:30:00Z,FINISHED,2023-03-14T00:20:28Z,FC CFR 1907 Cluj,FC Pyunik Yerevan,AWAY_TEAM,PENALTY_SHOOTOUT,5,6,1,0,1,1,3,4,,
2022-06-21 - 2023-06-10,2022-07-13T18:45:00Z,FINISHED,2023-03-14T00:20:28Z,Linfield FC,The New Saints FC,HOME_TEAM,EXTRA_TIME,2,0,0,0,1,0,,,Duje Strukan,Croatia
2022-06-21 - 2023-06-10,2022-07-19T16:00:00Z,FINISHED,2023-03-14T00:20:28Z,FC Pyunik Yerevan,F91 Diddeleng,AWAY_TEAM,REGULAR,0,1,0,0,,,,,Craig Pawson,England
2022-06-21 - 2023-06-10,2022-07-19T16:00:00Z,FINISHED,2023-03-14T00:20:28Z,FK Žalgiris Vilnius,Malmö FF,HOME_TEAM,REGULAR,1,0,0,0,,,,,,
2022-06-21 - 2023-06-10,2022-07-19T16:00:00Z,FINISHED,2023-03-14T00:20:28Z,Qarabağ Ağdam FK,FC Zürich,HOME_TEAM,REGULAR,3,2,2,0,,,,,,
2022-06-21 - 2023-06-10,2022-07-19T17:45:00Z,FINISHED,2023-03-14T00:20:28Z,FC Midtjylland,AÉK Lárnaka,DRAW,REGULAR,1,1,0,0,,,,,Novak Simović,Serbia
2022-06-21 - 2023-06-10,2022-07-19T17:45:00Z,FINISHED,2023-03-14T00:20:28Z,PFK Ludogorets 1945 Razgrad,Shamrock Rovers FC,HOME_TEAM,REGULAR,3,0,2,0,,,,,,
2022-06-21 - 2023-06-10,2022-07-19T18:45:00Z,FINISHED,2023-03-14T00:20:28Z,Linfield FC,FK Bodø/Glimt,HOME_TEAM,REGULAR,1,0,0,0,,,,,,
2022-06-21 - 2023-06-10,2022-07-19T19:00:00Z,FINISHED,2023-03-14T00:20:28Z,GNK Dinamo Zagreb,FK Shkupi Skopje,DRAW,REGULAR,2,2,1,1,,,,,Radu Petrescu,Romania
2022-06-21 - 2023-06-10,2022-07-20T16:00:00Z,FINISHED,2023-03-14T00:20:28Z,Helsingin JK,FC Viktoria Plzeň,AWAY_TEAM,REGULAR,1,2,0,1,,,,,,
2022-06-21 - 2023-06-10,2022-07-20T17:15:00Z,FINISHED,2023-03-14T00:20:28Z,Maccabi Haifa FC,PAE Olympiakos SFP,DRAW,REGULAR,1,1,0,1,,,,,,
2022-06-21 - 2023-06-10,2022-07-20T18:00:00Z,FINISHED,2023-03-14T00:20:28Z,FK Dynamo Kyiv,Fenerbahçe SK,DRAW,REGULAR,0,0,0,0,,,,,,
2022-06-21 - 2023-06-10,2022-07-20T18:00:00Z,FINISHED,2023-03-14T00:20:28Z,Ferencvárosi TC,ŠK Slovan Bratislava,AWAY_TEAM,REGULAR,1,2,0,0,,,,,,
2022-06-21 - 2023-06-10,2022-07-20T18:15:00Z,FINISHED,2023-03-14T00:20:28Z,NK Maribor,FC Sheriff Tiraspol,DRAW,REGULAR,0,0,0,0,,,,,,
2022-06-21 - 2023-06-10,2022-07-26T15:30:00Z,FINISHED,2023-03-14T00:20:28Z,AÉK Lárnaka,FC Midtjylland,AWAY_TEAM,PENALTY_SHOOTOUT,4,5,1,1,0,0,3,4,István Vad,Hungary
2022-06-21 - 2023-06-10,2022-07-26T17:00:00Z,FINISHED,2023-03-14T00:20:28Z,FC Sheriff Tiraspol,NK Maribor,HOME_TEAM,REGULAR,1,0,0,0,,,,,Tamás Bognár,Hungary
2022-06-21 - 2023-06-10,2022-07-26T17:00:00Z,FINISHED,2023-03-14T00:20:28Z,FC Viktoria Plzeň,Helsingin JK,HOME_TEAM,REGULAR,5,0,3,0,,,,,Aleksandar Stavrev,North Macedonia
2022-06-21 - 2023-06-10,2022-07-26T17:30:00Z,FINISHED,2023-03-14T00:20:28Z,F91 Diddeleng,FC Pyunik Yerevan,AWAY_TEAM,REGULAR,1,4,1,1,,,,,José Munuera,
2022-06-21 - 2023-06-10,2022-07-26T19:00:00Z,FINISHED,2023-03-14T00:20:28Z,Shamrock Rovers FC,PFK Ludogorets 1945 Razgrad,HOME_TEAM,REGULAR,2,1,1,0,,,,,Fabio Maresca,Italy
2022-06-21 - 2023-06-10,2022-07-26T19:00:00Z,FINISHED,2023-03-14T00:20:28Z,FK Shkupi Skopje,GNK Dinamo Zagreb,AWAY_TEAM,REGULAR,0,1,0,0,,,,,Jakob Kehlet,Denmark
2022-06-21 - 2023-06-10,2022-07-27T16:00:00Z,FINISHED,2023-03-14T00:20:28Z,FK Bodø/Glimt,Linfield FC,HOME_TEAM,REGULAR,8,0,4,0,,,,,Roi Reinshreiber,Israel
2022-06-21 - 2023-06-10,2022-07-27T17:00:00Z,FINISHED,2023-03-14T00:20:28Z,Fenerbahçe SK,FK Dynamo Kyiv,AWAY_TEAM,EXTRA_TIME,1,2,0,0,0,1,,,Massimiliano Irrati,Italy
2022-06-21 - 2023-06-10,2022-07-27T17:00:00Z,FINISHED,2023-03-14T00:20:28Z,Malmö FF,FK Žalgiris Vilnius,AWAY_TEAM,REGULAR,0,2,0,1,,,,,Kristo Tohver,Estonia
2022-06-21 - 2023-06-10,2022-07-27T17:00:00Z,FINISHED,2023-03-14T00:20:28Z,FC Zürich,Qarabağ Ağdam FK,DRAW,EXTRA_TIME,2,2,1,0,0,1,,,Allard Lindhout,Netherlands
2022-06-21 - 2023-06-10,2022-07-27T18:30:00Z,FINISHED,2023-03-14T00:20:28Z,ŠK Slovan Bratislava,Ferencvárosi TC,AWAY_TEAM,REGULAR,1,4,0,2,,,,,Marco Di Bello,Italy
2022-06-21 - 2023-06-10,2022-07-27T19:00:00Z,FINISHED,2023-03-14T00:20:28Z,PAE Olympiakos SFP,Maccabi Haifa FC,AWAY_TEAM,REGULAR,0,4,0,1,,,,,Daniel Stefański,Poland
2022-06-21 - 2023-06-10,2022-08-02T17:00:00Z,FINISHED,2023-03-14T00:20:28Z,FC Sheriff Tiraspol,FC Viktoria Plzeň,AWAY_TEAM,REGULAR,1,2,1,1,,,,,Danny Makkelie,Netherlands
2022-06-21 - 2023-06-10,2022-08-02T17:45:00Z,FINISHED,2023-03-14T00:20:28Z,PFK Ludogorets 1945 Razgrad,GNK Dinamo Zagreb,AWAY_TEAM,REGULAR,1,2,1,2,,,,,Cuneyt Cakir,
2022-06-21 - 2023-06-10,2022-08-02T18:00:00Z,FINISHED,2023-03-14T00:20:28Z,AS Monaco FC,PSV,DRAW,REGULAR,1,1,0,1,,,,,Davide Massa,Italy
2022-06-21 - 2023-06-10,2022-08-02T18:45:00Z,FINISHED,2023-03-14T00:20:28Z,Royale Union Saint-Gilloise,Rangers FC,HOME_TEAM,REGULAR,2,0,1,0,,,,,Irfan Peljto,Bosnia and Herzegovina
2022-06-21 - 2023-06-10,2022-08-02T19:00:00Z,FINISHED,2023-03-14T00:20:28Z,Sport Lisboa e Benfica,FC Midtjylland,HOME_TEAM,REGULAR,4,1,3,0,,,,,Alejandro Hernández,Spain
2022-06-21 - 2023-06-10,2022-08-03T16:00:00Z,FINISHED,2023-03-14T00:20:28Z,FK Bodø/Glimt,FK Žalgiris Vilnius,HOME_TEAM,REGULAR,5,0,2,0,,,,,István Vad,Hungary
2022-06-21 - 2023-06-10,2022-08-03T16:00:00Z,FINISHED,2023-03-14T00:20:28Z,Qarabağ Ağdam FK,Ferencvárosi TC,DRAW,REGULAR,1,1,1,1,,,,,Andreas Ekberg,Sweden
2022-06-21 - 2023-06-10,2022-08-03T17:00:00Z,FINISHED,2023-03-14T00:20:28Z,Maccabi Haifa FC,Apollon FC Lemesós,HOME_TEAM,REGULAR,4,0,1,0,,,,,Maurizio Mariani,Italy
2022-06-21 - 2023-06-10,2022-08-03T18:00:00Z,FINISHED,2023-03-14T00:20:28Z,FK Dynamo Kyiv,SK Sturm Graz,HOME_TEAM,REGULAR,1,0,1,0,,,,,François Letexier,France
2022-06-21 - 2023-06-10,2022-08-03T18:50:00Z,FINISHED,2023-03-14T00:20:28Z,FK Crvena Zvezda,FC Pyunik Yerevan,HOME_TEAM,REGULAR,5,0,3,0,,,,,Artur Dias,
2022-06-21 - 2023-06-10,2022-08-09T16:00:00Z,FINISHED,2023-03-14T00:20:28Z,FK Žalgiris Vilnius,FK Bodø/Glimt,DRAW,REGULAR,1,1,1,0,,,,,Sandro Schärer,Switzerland
2022-06-21 - 2023-06-10,2022-08-09T17:00:00Z,FINISHED,2023-03-14T00:20:28Z,FC Pyunik Yerevan,FK Crvena Zvezda,AWAY_TEAM,REGULAR,0,2,0,1,,,,,William Collum,Scotland
2022-06-21 - 2023-06-10,2022-08-09T17:00:00Z,FINISHED,2023-03-14T00:20:28Z,FC Viktoria Plzeň,FC Sheriff Tiraspol,HOME_TEAM,REGULAR,2,1,1,0,,,,,Orel Grinfeld,
2022-06-21 - 2023-06-10,2022-08-09T17:00:00Z,FINISHED,2023-03-14T00:20:28Z,Apollon FC Lemesós,Maccabi Haifa FC,HOME_TEAM,REGULAR,2,0,2,0,,,,,Felix Zwayer,Germany
2022-06-21 - 2023-06-10,2022-08-09T17:45:00Z,FINISHED,2023-03-14T00:20:28Z,FC Midtjylland,Sport Lisboa e Benfica,AWAY_TEAM,REGULAR,1,3,0,1,,,,,Srdjan Jovanovic,
2022-06-21 - 2023-06-10,2022-08-09T18:00:00Z,FINISHED,2023-03-14T00:20:28Z,GNK Dinamo Zagreb,PFK Ludogorets 1945 Razgrad,HOME_TEAM,REGULAR,4,2,3,1,,,,,Benoît Bastien,France
2022-06-21 - 2023-06-10,2022-08-09T18:00:00Z,FINISHED,2023-03-14T00:20:28Z,Ferencvárosi TC,Qarabağ Ağdam FK,AWAY_TEAM,REGULAR,1,3,0,1,,,,,Carlos del Cerro,Spain
2022-06-21 - 2023-06-10,2022-08-09T18:30:00Z,FINISHED,2023-03-14T00:20:28Z,SK Sturm Graz,FK Dynamo Kyiv,AWAY_TEAM,EXTRA_TIME,1,2,1,0,0,2,,,Ivan Kružliak,Slovakia
2022-06-21 - 2023-06-10,2022-08-09T18:30:00Z,FINISHED,2023-03-14T00:20:28Z,PSV,AS Monaco FC,HOME_TEAM,EXTRA_TIME,3,2,1,0,1,0,,,Jesús Gil,Spain
2022-06-21 - 2023-06-10,2022-08-09T18:45:00Z,FINISHED,2023-03-14T00:20:28Z,Rangers FC,Royale Union Saint-Gilloise,HOME_TEAM,REGULAR,3,0,1,0,,,,,Anastasios Sidiropoulos,Greece
2022-06-21 - 2023-06-10,2022-08-16T19:00:00Z,FINISHED,2023-03-14T00:20:28Z,Rangers FC,PSV,DRAW,REGULAR,2,2,1,1,,,,,Daniele Orsato,Italy
2022-06-21 - 2023-06-10,2022-08-16T19:00:00Z,FINISHED,2023-03-14T00:20:28Z,FC København,Trabzonspor,HOME_TEAM,REGULAR,2,1,1,0,,,,,Michael Oliver,England
2022-06-21 - 2023-06-10,2022-08-16T19:00:00Z,FINISHED,2023-03-14T00:20:28Z,FK Bodø/Glimt,GNK Dinamo Zagreb,HOME_TEAM,REGULAR,1,0,1,0,,,,,Danny Makkelie,Netherlands
2022-06-21 - 2023-06-10,2022-08-17T16:45:00Z,FINISHED,2023-03-14T00:20:28Z,Qarabağ Ağdam FK,FC Viktoria Plzeň,DRAW,REGULAR,0,0,0,0,,,,,Slavko Vinčič,Slovenia
2022-06-21 - 2023-06-10,2022-08-17T19:00:00Z,FINISHED,2023-03-14T00:20:28Z,FK Dynamo Kyiv,Sport Lisboa e Benfica,AWAY_TEAM,REGULAR,0,2,0,2,,,,,Felix Zwayer,Germany
2022-06-21 - 2023-06-10,2022-08-17T19:00:00Z,FINISHED,2023-03-14T00:20:28Z,Maccabi Haifa FC,FK Crvena Zvezda,HOME_TEAM,REGULAR,3,2,1,2,,,,,Carlos del Cerro,Spain
2022-06-21 - 2023-06-10,2022-08-23T19:00:00Z,FINISHED,2023-03-14T00:20:28Z,Sport Lisboa e Benfica,FK Dynamo Kyiv,HOME_TEAM,REGULAR,3,0,3,0,,,,,Clément Turpin,France
2022-06-21 - 2023-06-10,2022-08-23T19:00:00Z,FINISHED,2023-03-14T00:20:28Z,FK Crvena Zvezda,Maccabi Haifa FC,DRAW,REGULAR,2,2,2,1,,,,,Anthony Taylor,England
2022-06-21 - 2023-06-10,2022-08-23T19:00:00Z,FINISHED,2023-03-14T00:20:28Z,FC Viktoria Plzeň,Qarabağ Ağdam FK,HOME_TEAM,REGULAR,2,1,0,1,,,,,Artur Dias,
2022-06-21 - 2023-06-10,2022-08-24T19:00:00Z,FINISHED,2023-03-14T00:20:28Z,PSV,Rangers FC,AWAY_TEAM,REGULAR,0,1,0,0,,,,,Szymon Marciniak,Poland
2022-06-21 - 2023-06-10,2022-08-24T19:00:00Z,FINISHED,2023-03-14T00:20:28Z,Trabzonspor,FC København,DRAW,REGULAR,0,0,0,0,,,,,Danny Makkelie,Netherlands
2022-06-21 - 2023-06-10,2022-08-24T19:00:00Z,FINISHED,2023-03-14T00:20:28Z,GNK Dinamo Zagreb,FK Bodø/Glimt,HOME_TEAM,EXTRA_TIME,4,1,2,0,2,0,,,Antonio Matéu Lahoz,Spain
2022-06-21 - 2023-06-10,2022-09-06T16:45:00Z,FINISHED,2023-03-14T00:20:28Z,GNK Dinamo Zagreb,Chelsea FC,HOME_TEAM,REGULAR,1,0,1,0,,,,,István Kovács,Romania
2022-06-21 - 2023-06-10,2022-09-06T16:45:00Z,FINISHED,2023-03-14T00:20:28Z,Borussia Dortmund,FC København,HOME_TEAM,REGULAR,3,0,2,0,,,,,François Letexier,France
2022-06-21 - 2023-06-10,2022-09-06T19:00:00Z,FINISHED,2023-03-14T00:20:28Z,FC Red Bull Salzburg,AC Milan,DRAW,REGULAR,1,1,1,1,,,,,Srdjan Jovanovic,
2022-06-21 - 2023-06-10,2022-09-06T19:00:00Z,FINISHED,2023-03-14T00:20:28Z,RB Leipzig,FK Shakhtar Donetsk,AWAY_TEAM,REGULAR,1,4,0,1,,,,,João Pinheiro,Portugal
2022-06-21 - 2023-06-10,2022-09-06T19:00:00Z,FINISHED,2023-03-14T00:20:28Z,Celtic FC,Real Madrid CF,AWAY_TEAM,REGULAR,0,3,0,0,,,,,Sandro Schärer,Switzerland
2022-06-21 - 2023-06-10,2022-09-06T19:00:00Z,FINISHED,2023-03-14T00:20:28Z,Sevilla FC,Manchester City FC,AWAY_TEAM,REGULAR,0,4,0,1,,,,,Davide Massa,Italy
2022-06-21 - 2023-06-10,2022-09-06T19:00:00Z,FINISHED,2023-03-14T00:20:28Z,Sport Lisboa e Benfica,Maccabi Haifa FC,HOME_TEAM,REGULAR,2,0,0,0,,,,,Andreas Ekberg,Sweden
2022-06-21 - 2023-06-10,2022-09-06T19:00:00Z,FINISHED,2023-03-14T00:20:28Z,Paris Saint-Germain FC,Juventus FC,HOME_TEAM,REGULAR,2,1,2,0,,,,,Anthony Taylor,England
2022-06-21 - 2023-06-10,2022-09-07T16:45:00Z,FINISHED,2023-03-14T00:20:28Z,AFC Ajax,Rangers FC,HOME_TEAM,REGULAR,4,0,3,0,,,,,Tobias Stieler,Germany
2022-06-21 - 2023-06-10,2022-09-07T16:45:00Z,FINISHED,2023-03-14T00:20:28Z,Eintracht Frankfurt,Sporting Clube de Portugal,AWAY_TEAM,REGULAR,0,3,0,0,,,,,Orel Grinfeld,
2022-06-21 - 2023-06-10,2022-09-07T19:00:00Z,FINISHED,2023-03-14T00:20:28Z,SSC Napoli,Liverpool FC,HOME_TEAM,REGULAR,4,1,3,0,,,,,Carlos del Cerro,Spain
2022-06-21 - 2023-06-10,2022-09-07T19:00:00Z,FINISHED,2023-03-14T00:20:28Z,Club Brugge KV,Bayer 04 Leverkusen,HOME_TEAM,REGULAR,1,0,1,0,,,,,Irfan Peljto,Bosnia and Herzegovina
2022-06-21 - 2023-06-10,2022-09-07T19:00:00Z,FINISHED,2023-03-14T00:20:28Z,Club Atlético de Madrid,FC Porto,HOME_TEAM,REGULAR,2,1,0,0,,,,,Szymon Marciniak,Poland
2022-06-21 - 2023-06-10,2022-09-07T19:00:00Z,FINISHED,2023-03-14T00:20:28Z,FC Internazionale Milano,FC Bayern München,AWAY_TEAM,REGULAR,0,2,0,1,,,,,Clément Turpin,France
2022-06-21 - 2023-06-10,2022-09-07T19:00:00Z,FINISHED,2023-03-14T00:20:28Z,FC Barcelona,FC Viktoria Plzeň,HOME_TEAM,REGULAR,5,1,3,1,,,,,Lawrence Visser,Belgium
2022-06-21 - 2023-06-10,2022-09-07T19:00:00Z,FINISHED,2023-03-14T00:20:28Z,Tottenham Hotspur FC,Olympique de Marseille,HOME_TEAM,REGULAR,2,0,0,0,,,,,Slavko Vinčič,Slovenia
2022-06-21 - 2023-06-10,2022-09-13T16:45:00Z,FINISHED,2023-03-14T00:20:28Z,FC Viktoria Plzeň,FC Internazionale Milano,AWAY_TEAM,REGULAR,0,2,0,1,,,,,Sandro Schärer,Switzerland
2022-06-21 - 2023-06-10,2022-09-13T16:45:00Z,FINISHED,2023-03-14T00:20:28Z,Sporting Clube de Portugal,Tottenham Hotspur FC,HOME_TEAM,REGULAR,2,0,0,0,,,,,Srdjan Jovanovic,
2022-06-21 - 2023-06-10,2022-09-13T19:00:00Z,FINISHED,2023-03-14T00:20:28Z,Liverpool FC,AFC Ajax,HOME_TEAM,REGULAR,2,1,1,1,,,,,Artur Dias,
2022-06-21 - 2023-06-10,2022-09-13T19:00:00Z,FINISHED,2023-03-14T00:20:28Z,FC Porto,Club Brugge KV,AWAY_TEAM,REGULAR,0,4,0,1,,,,,Anastasios Sidiropoulos,Greece
2022-06-21 - 2023-06-10,2022-09-13T19:00:00Z,FINISHED,2023-03-14T00:20:28Z,Bayer 04 Leverkusen,Club Atlético de Madrid,HOME_TEAM,REGULAR,2,0,0,0,,,,,Michael Oliver,England
2022-06-21 - 2023-06-10,2022-09-13T19:00:00Z,FINISHED,2023-03-14T00:20:28Z,FC Bayern München,FC Barcelona,HOME_TEAM,REGULAR,2,0,0,0,,,,,Danny Makkelie,Netherlands
2022-06-21 - 2023-06-10,2022-09-13T19:00:00Z,FINISHED,2023-03-14T00:20:28Z,Olympique de Marseille,Eintracht Frankfurt,AWAY_TEAM,REGULAR,0,1,0,1,,,,,José Sánchez,Spain
2022-06-21 - 2023-06-10,2022-09-14T16:45:00Z,FINISHED,2023-03-14T00:20:28Z,AC Milan,GNK Dinamo Zagreb,HOME_TEAM,REGULAR,3,1,1,0,,,,,Jesús Gil,Spain
2022-06-21 - 2023-06-10,2022-09-14T16:45:00Z,FINISHED,2023-03-14T00:20:28Z,FK Shakhtar Donetsk,Celtic FC,DRAW,REGULAR,1,1,1,1,,,,,Glenn Nyberg,Sweden
2022-06-21 - 2023-06-10,2022-09-14T19:00:00Z,FINISHED,2023-03-14T00:20:28Z,Rangers FC,SSC Napoli,AWAY_TEAM,REGULAR,0,3,0,0,,,,,Antonio Matéu Lahoz,Spain
2022-06-21 - 2023-06-10,2022-09-14T19:00:00Z,FINISHED,2023-03-14T00:20:28Z,Chelsea FC,FC Red Bull Salzburg,DRAW,REGULAR,1,1,0,0,,,,,Ivan Kružliak,Slovakia
2022-06-21 - 2023-06-10,2022-09-14T19:00:00Z,FINISHED,2023-03-14T00:20:28Z,Real Madrid CF,RB Leipzig,HOME_TEAM,REGULAR,2,0,0,0,,,,,Maurizio Mariani,Italy
2022-06-21 - 2023-06-10,2022-09-14T19:00:00Z,FINISHED,2023-03-14T00:20:28Z,FC København,Sevilla FC,DRAW,REGULAR,0,0,0,0,,,,,Irfan Peljto,Bosnia and Herzegovina
2022-06-21 - 2023-06-10,2022-09-14T19:00:00Z,FINISHED,2023-03-14T00:20:28Z,Manchester City FC,Borussia Dortmund,HOME_TEAM,REGULAR,2,1,0,0,,,,,Daniele Orsato,Italy
2022-06-21 - 2023-06-10,2022-09-14T19:00:00Z,FINISHED,2023-03-14T00:20:28Z,Juventus FC,Sport Lisboa e Benfica,AWAY_TEAM,REGULAR,1,2,1,1,,,,,Felix Zwayer,Germany
2022-06-21 - 2023-06-10,2022-09-14T19:00:00Z,FINISHED,2023-03-14T00:20:28Z,Maccabi Haifa FC,Paris Saint-Germain FC,AWAY_TEAM,REGULAR,1,3,1,1,,,,,Daniel Siebert,Germany
2022-06-21 - 2023-06-10,2022-10-04T16:45:00Z,FINISHED,2023-03-14T00:20:28Z,FC Bayern München,FC Viktoria Plzeň,HOME_TEAM,REGULAR,5,0,3,0,,,,,Nikola Dabanović,Montenegro
2022-06-21 - 2023-06-10,2022-10-04T17:05:00Z,FINISHED,2023-03-14T00:20:28Z,Olympique de Marseille,Sporting Clube de Portugal,HOME_TEAM,REGULAR,4,1,3,1,,,,,Davide Massa,Italy
2022-06-21 - 2023-06-10,2022-10-04T19:00:00Z,FINISHED,2023-03-14T00:20:28Z,Liverpool FC,Rangers FC,HOME_TEAM,REGULAR,2,0,1,0,,,,,Clément Turpin,France
2022-06-21 - 2023-06-10,2022-10-04T19:00:00Z,FINISHED,2023-03-14T00:20:28Z,AFC Ajax,SSC Napoli,AWAY_TEAM,REGULAR,1,6,1,3,,,,,François Letexier,France
2022-06-21 - 2023-06-10,2022-10-04T19:00:00Z,FINISHED,2023-03-14T00:20:28Z,Club Brugge KV,Club Atlético de Madrid,HOME_TEAM,REGULAR,2,0,1,0,,,,,István Kovács,Romania
2022-06-21 - 2023-06-10,2022-10-04T19:00:00Z,FINISHED,2023-03-14T00:20:28Z,FC Porto,Bayer 04 Leverkusen,HOME_TEAM,REGULAR,2,0,0,0,,,,,Anthony Taylor,England
2022-06-21 - 2023-06-10,2022-10-04T19:00:00Z,FINISHED,2023-03-14T00:20:28Z,FC Internazionale Milano,FC Barcelona,HOME_TEAM,REGULAR,1,0,1,0,,,,,Slavko Vinčič,Slovenia
2022-06-21 - 2023-06-10,2022-10-04T19:00:00Z,FINISHED,2023-03-14T00:20:28Z,Eintracht Frankfurt,Tottenham Hotspur FC,DRAW,REGULAR,0,0,0,0,,,,,Daniele Orsato,Italy
2022-06-21 - 2023-06-10,2022-10-05T16:45:00Z,FINISHED,2023-03-14T00:20:28Z,FC Red Bull Salzburg,GNK Dinamo Zagreb,HOME_TEAM,REGULAR,1,0,0,0,,,,,Andris Treimanis,Latvia
2022-06-21 - 2023-06-10,2022-10-05T16:45:00Z,FINISHED,2023-03-14T00:20:28Z,RB Leipzig,Celtic FC,HOME_TEAM,REGULAR,3,1,1,0,,,,,Espen Eskaas,
2022-06-21 - 2023-06-10,2022-10-05T19:00:00Z,FINISHED,2023-03-14T00:20:28Z,Chelsea FC,AC Milan,HOME_TEAM,REGULAR,3,0,1,0,,,,,Danny Makkelie,Netherlands
2022-06-21 - 2023-06-10,2022-10-05T19:00:00Z,FINISHED,2023-03-14T00:20:28Z,Real Madrid CF,FK Shakhtar Donetsk,HOME_TEAM,REGULAR,2,1,2,1,,,,,Ivan Kružliak,Slovakia
2022-06-21 - 2023-06-10,2022-10-05T19:00:00Z,FINISHED,2023-03-14T00:20:28Z,Sevilla FC,Borussia Dortmund,AWAY_TEAM,REGULAR,1,4,0,3,,,,,Maurizio Mariani,Italy
2022-06-21 - 2023-06-10,2022-10-05T19:00:00Z,FINISHED,2023-03-14T00:20:28Z,Manchester City FC,FC København,HOME_TEAM,REGULAR,5,0,3,0,,,,,Donatas Rumšas,Lithuania
2022-06-21 - 2023-06-10,2022-10-05T19:00:00Z,FINISHED,2023-03-14T00:20:28Z,Sport Lisboa e Benfica,Paris Saint-Germain FC,DRAW,REGULAR,1,1,1,1,,,,,Jesús Gil,Spain
2022-06-21 - 2023-06-10,2022-10-05T19:00:00Z,FINISHED,2023-03-14T00:20:28Z,Juventus FC,Maccabi Haifa FC,HOME_TEAM,REGULAR,3,1,1,0,,,,,Sandro Schärer,Switzerland
2022-06-21 - 2023-06-10,2022-10-11T16:45:00Z,FINISHED,2023-03-14T00:20:28Z,FC København,Manchester City FC,DRAW,REGULAR,0,0,0,0,,,,,Artur Dias,
2022-06-21 - 2023-06-10,2022-10-11T16:45:00Z,FINISHED,2023-03-14T00:20:28Z,Maccabi Haifa FC,Juventus FC,HOME_TEAM,REGULAR,2,0,2,0,,,,,Antonio Matéu Lahoz,Spain
2022-06-21 - 2023-06-10,2022-10-11T19:00:00Z,FINISHED,2023-03-14T00:20:28Z,AC Milan,Chelsea FC,AWAY_TEAM,REGULAR,0,2,0,2,,,,,Daniel Siebert,Germany
2022-06-21 - 2023-06-10,2022-10-11T19:00:00Z,FINISHED,2023-03-14T00:20:28Z,GNK Dinamo Zagreb,FC Red Bull Salzburg,DRAW,REGULAR,1,1,1,1,,,,,Tobias Stieler,Germany
2022-06-21 - 2023-06-10,2022-10-11T19:00:00Z,FINISHED,2023-03-14T00:20:28Z,Celtic FC,RB Leipzig,AWAY_TEAM,REGULAR,0,2,0,0,,,,,Halil Meler,Turkey
2022-06-21 - 2023-06-10,2022-10-11T19:00:00Z,FINISHED,2023-03-14T00:20:28Z,FK Shakhtar Donetsk,Real Madrid CF,DRAW,REGULAR,1,1,0,0,,,,,Orel Grinfeld,
2022-06-21 - 2023-06-10,2022-10-11T19:00:00Z,FINISHED,2023-03-14T00:20:28Z,Borussia Dortmund,Sevilla FC,DRAW,REGULAR,1,1,1,1,,,,,Srdjan Jovanovic,
2022-06-21 - 2023-06-10,2022-10-11T19:00:00Z,FINISHED,2023-03-14T00:20:28Z,Paris Saint-Germain FC,Sport Lisboa e Benfica,DRAW,REGULAR,1,1,1,0,,,,,Michael Oliver,England
2022-06-21 - 2023-06-10,2022-10-12T16:45:00Z,FINISHED,2023-03-14T00:20:28Z,SSC Napoli,AFC Ajax,HOME_TEAM,REGULAR,4,2,2,0,,,,,Felix Zwayer,Germany
2022-06-21 - 2023-06-10,2022-10-12T16:45:00Z,FINISHED,2023-03-14T00:20:28Z,Club Atlético de Madrid,Club Brugge KV,DRAW,REGULAR,0,0,0,0,,,,,Danny Makkelie,Netherlands
2022-06-21 - 2023-06-10,2022-10-12T19:00:00Z,FINISHED,2023-03-14T00:20:28Z,Rangers FC,Liverpool FC,AWAY_TEAM,REGULAR,1,7,1,1,,,,,Slavko Vinčič,Slovenia
2022-06-21 - 2023-06-10,2022-10-12T19:00:00Z,FINISHED,2023-03-14T00:20:28Z,Bayer 04 Leverkusen,FC Porto,AWAY_TEAM,REGULAR,0,3,0,1,,,,,István Kovács,Romania
2022-06-21 - 2023-06-10,2022-10-12T19:00:00Z,FINISHED,2023-03-14T00:20:28Z,FC Viktoria Plzeň,FC Bayern München,AWAY_TEAM,REGULAR,2,4,0,4,,,,,Bartosz Frankowski,Poland
2022-06-21 - 2023-06-10,2022-10-12T19:00:00Z,FINISHED,2023-03-14T00:20:28Z,FC Barcelona,FC Internazionale Milano,DRAW,REGULAR,3,3,1,0,,,,,Szymon Marciniak,Poland
2022-06-21 - 2023-06-10,2022-10-12T19:00:00Z,FINISHED,2023-03-14T00:20:28Z,Sporting Clube de Portugal,Olympique de Marseille,AWAY_TEAM,REGULAR,0,2,0,2,,,,,Alejandro Hernández,Spain
2022-06-21 - 2023-06-10,2022-10-12T19:00:00Z,FINISHED,2023-03-14T00:20:28Z,Tottenham Hotspur FC,Eintracht Frankfurt,HOME_TEAM,REGULAR,3,2,3,1,,,,,Carlos del Cerro,Spain
2022-06-21 - 2023-06-10,2022-10-25T16:45:00Z,FINISHED,2023-03-14T00:20:28Z,FC Red Bull Salzburg,Chelsea FC,AWAY_TEAM,REGULAR,1,2,0,1,,,,,Sandro Schärer,Switzerland
2022-06-21 - 2023-06-10,2022-10-25T16:45:00Z,FINISHED,2023-03-14T00:20:28Z,Sevilla FC,FC København,HOME_TEAM,REGULAR,3,0,0,0,,,,,Benoît Bastien,France
2022-06-21 - 2023-06-10,2022-10-25T19:00:00Z,FINISHED,2023-03-14T00:20:28Z,GNK Dinamo Zagreb,AC Milan,AWAY_TEAM,REGULAR,0,4,0,1,,,,,Szymon Marciniak,Poland
2022-06-21 - 2023-06-10,2022-10-25T19:00:00Z,FINISHED,2023-03-14T00:20:28Z,RB Leipzig,Real Madrid CF,HOME_TEAM,REGULAR,3,2,2,1,,,,,Daniele Orsato,Italy
2022-06-21 - 2023-06-10,2022-10-25T19:00:00Z,FINISHED,2023-03-14T00:20:28Z,Celtic FC,FK Shakhtar Donetsk,DRAW,REGULAR,1,1,1,0,,,,,Serdar Gözübüyük,Netherlands
2022-06-21 - 2023-06-10,2022-10-25T19:00:00Z,FINISHED,2023-03-14T00:20:28Z,Borussia Dortmund,Manchester City FC,DRAW,REGULAR,0,0,0,0,,,,,Davide Massa,Italy
2022-06-21 - 2023-06-10,2022-10-25T19:00:00Z,FINISHED,2023-03-14T00:20:28Z,Paris Saint-Germain FC,Maccabi Haifa FC,HOME_TEAM,REGULAR,7,2,4,1,,,,,Felix Zwayer,Germany
2022-06-21 - 2023-06-10,2022-10-25T19:00:00Z,FINISHED,2023-03-14T00:20:28Z,Sport Lisboa e Benfica,Juventus FC,HOME_TEAM,REGULAR,4,3,3,1,,,,,Srdjan Jovanovic,
2022-06-21 - 2023-06-10,2022-10-26T16:45:00Z,FINISHED,2023-03-14T00:20:28Z,Club Brugge KV,FC Porto,AWAY_TEAM,REGULAR,0,4,0,1,,,,,Michael Oliver,England
2022-06-21 - 2023-06-10,2022-10-26T16:45:00Z,FINISHED,2023-03-14T00:20:28Z,FC Internazionale Milano,FC Viktoria Plzeň,HOME_TEAM,REGULAR,4,0,2,0,,,,,Andreas Ekberg,Sweden
2022-06-21 - 2023-06-10,2022-10-26T19:00:00Z,FINISHED,2023-03-14T00:20:28Z,AFC Ajax,Liverpool FC,AWAY_TEAM,REGULAR,0,3,0,1,,,,,José Sánchez,Spain
2022-06-21 - 2023-06-10,2022-10-26T19:00:00Z,FINISHED,2023-03-14T00:20:28Z,SSC Napoli,Rangers FC,HOME_TEAM,REGULAR,3,0,2,0,,,,,Halil Meler,Turkey
2022-06-21 - 2023-06-10,2022-10-26T19:00:00Z,FINISHED,2023-03-14T00:20:28Z,Club Atlético de Madrid,Bayer 04 Leverkusen,DRAW,REGULAR,2,2,1,2,,,,,Clément Turpin,France
2022-06-21 - 2023-06-10,2022-10-26T19:00:00Z,FINISHED,2023-03-14T00:20:28Z,FC Barcelona,FC Bayern München,AWAY_TEAM,REGULAR,0,3,0,2,,,,,Anthony Taylor,England
2022-06-21 - 2023-06-10,2022-10-26T19:00:00Z,FINISHED,2023-03-14T00:20:28Z,Tottenham Hotspur FC,Sporting Clube de Portugal,DRAW,REGULAR,1,1,0,1,,,,,Danny Makkelie,Netherlands
2022-06-21 - 2023-06-10,2022-10-26T19:00:00Z,FINISHED,2023-03-14T00:20:28Z,Eintracht Frankfurt,Olympique de Marseille,HOME_TEAM,REGULAR,2,1,2,1,,,,,Jesús Gil,Spain
2022-06-21 - 2023-06-10,2022-11-01T17:45:00Z,FINISHED,2023-03-14T00:20:28Z,Bayer 04 Leverkusen,Club Brugge KV,DRAW,REGULAR,0,0,0,0,,,,,Maurizio Mariani,Italy
2022-06-21 - 2023-06-10,2022-11-01T17:45:00Z,FINISHED,2023-03-14T00:20:28Z,FC Porto,Club Atlético de Madrid,HOME_TEAM,REGULAR,2,1,2,0,,,,,Daniele Orsato,Italy
2022-06-21 - 2023-06-10,2022-11-01T20:00:00Z,FINISHED,2023-03-14T00:20:28Z,Rangers FC,AFC Ajax,AWAY_TEAM,REGULAR,1,3,0,2,,,,,Glenn Nyberg,Sweden
2022-06-21 - 2023-06-10,2022-11-01T20:00:00Z,FINISHED,2023-03-14T00:20:28Z,Liverpool FC,SSC Napoli,HOME_TEAM,REGULAR,2,0,0,0,,,,,Tobias Stieler,Germany
2022-06-21 - 2023-06-10,2022-11-01T20:00:00Z,FINISHED,2023-03-14T00:20:28Z,FC Viktoria Plzeň,FC Barcelona,AWAY_TEAM,REGULAR,2,4,0,2,,,,,Radu Petrescu,Romania
2022-06-21 - 2023-06-10,2022-11-01T20:00:00Z,FINISHED,2023-03-14T00:20:28Z,FC Bayern München,FC Internazionale Milano,HOME_TEAM,REGULAR,2,0,1,0,,,,,Ivan Kružliak,Slovakia
2022-06-21 - 2023-06-10,2022-11-01T20:00:00Z,FINISHED,2023-03-14T00:20:28Z,Olympique de Marseille,Tottenham Hotspur FC,AWAY_TEAM,REGULAR,1,2,1,0,,,,,Szymon Marciniak,Poland
2022-06-21 - 2023-06-10,2022-11-01T20:00:00Z,FINISHED,2023-03-14T00:20:28Z,Sporting Clube de Portugal,Eintracht Frankfurt,AWAY_TEAM,REGULAR,1,2,1,0,,,,,Slavko Vinčič,Slovenia
2022-06-21 - 2023-06-10,2022-11-02T17:45:00Z,FINISHED,2023-03-14T00:20:28Z,FK Shakhtar Donetsk,RB Leipzig,AWAY_TEAM,REGULAR,0,4,0,1,,,,,Michael Oliver,England
2022-06-21 - 2023-06-10,2022-11-02T17:45:00Z,FINISHED,2023-03-14T00:20:28Z,Real Madrid CF,Celtic FC,HOME_TEAM,REGULAR,5,1,2,0,,,,,Stéphanie Frappart,France
2022-06-21 - 2023-06-10,2022-11-02T20:00:00Z,FINISHED,2023-03-14T00:20:28Z,Chelsea FC,GNK Dinamo Zagreb,HOME_TEAM,REGULAR,2,1,2,1,,,,,François Letexier,France
2022-06-21 - 2023-06-10,2022-11-02T20:00:00Z,FINISHED,2023-03-14T00:20:28Z,AC Milan,FC Red Bull Salzburg,HOME_TEAM,REGULAR,4,0,1,0,,,,,Antonio Matéu Lahoz,Spain
2022-06-21 - 2023-06-10,2022-11-02T20:00:00Z,FINISHED,2023-03-14T00:20:28Z,FC København,Borussia Dortmund,DRAW,REGULAR,1,1,1,1,,,,,Aliyar Aghayev,
2022-06-21 - 2023-06-10,2022-11-02T20:00:00Z,FINISHED,2023-03-14T00:20:28Z,Manchester City FC,Sevilla FC,HOME_TEAM,REGULAR,3,1,0,1,,,,,Orel Grinfeld,
2022-06-21 - 2023-06-10,2022-11-02T20:00:00Z,FINISHED,2023-03-14T00:20:28Z,Juventus FC,Paris Saint-Germain FC,AWAY_TEAM,REGULAR,1,2,1,1,,,,,Carlos del Cerro,Spain
2022-06-21 - 2023-06-10,2022-11-02T20:00:00Z,FINISHED,2023-03-14T00:20:28Z,Maccabi Haifa FC,Sport Lisboa e Benfica,AWAY_TEAM,REGULAR,1,6,1,1,,,,,Anthony Taylor,England
2022-06-21 - 2023-06-10,2023-02-14T20:00:00Z,FINISHED,2023-03-14T00:20:28Z,Paris Saint-Germain FC,FC Bayern München,AWAY_TEAM,REGULAR,0,1,0,0,,,,,Michael Oliver,England
2022-06-21 - 2023-06-10,2023-02-14T20:00:00Z,FINISHED,2023-03-14T00:20:28Z,AC Milan,Tottenham Hotspur FC,HOME_TEAM,REGULAR,1,0,1,0,,,,,Sandro Schärer,Switzerland
2022-06-21 - 2023-06-10,2023-02-15T20:00:00Z,FINISHED,2023-03-14T00:20:28Z,Borussia Dortmund,Chelsea FC,HOME_TEAM,REGULAR,1,0,0,0,,,,,Jesús Gil,Spain
2022-06-21 - 2023-06-10,2023-02-15T20:00:00Z,FINISHED,2023-03-14T00:20:28Z,Club Brugge KV,Sport Lisboa e Benfica,AWAY_TEAM,REGULAR,0,2,0,0,,,,,Davide Massa,Italy
2022-06-21 - 2023-06-10,2023-02-21T20:00:00Z,FINISHED,2023-03-14T00:20:28Z,Eintracht Frankfurt,SSC Napoli,AWAY_TEAM,REGULAR,0,2,0,1,,,,,Artur Dias,
2022-06-21 - 2023-06-10,2023-02-21T20:00:00Z,FINISHED,2023-03-14T00:20:28Z,Liverpool FC,Real Madrid CF,AWAY_TEAM,REGULAR,2,5,2,2,,,,,István Kovács,Romania
2022-06-21 - 2023-06-10,2023-02-22T20:00:00Z,FINISHED,2023-03-14T00:20:28Z,FC Internazionale Milano,FC Porto,HOME_TEAM,REGULAR,1,0,0,0,,,,,Srdjan Jovanovic,
2022-06-21 - 2023-06-10,2023-02-22T20:00:00Z,FINISHED,2023-03-14T00:20:28Z,RB Leipzig,Manchester City FC,DRAW,REGULAR,1,1,0,1,,,,,Serdar Gözübüyük,Netherlands
2022-06-21 - 2023-06-10,2023-03-07T20:00:00Z,FINISHED,2023-03-14T00:20:28Z,Sport Lisboa e Benfica,Club Brugge KV,HOME_TEAM,REGULAR,5,1,2,0,,,,,Halil Meler,Turkey
2022-06-21 - 2023-06-10,2023-03-07T20:10:00Z,FINISHED,2023-03-14T00:20:28Z,Chelsea FC,Borussia Dortmund,HOME_TEAM,REGULAR,2,0,1,0,,,,,Danny Makkelie,Netherlands
2022-06-21 - 2023-06-10,2023-03-08T20:00:00Z,FINISHED,2023-03-14T00:20:28Z,FC Bayern München,Paris Saint-Germain FC,HOME_TEAM,REGULAR,2,0,0,0,,,,,Daniele Orsato,Italy
2022-06-21 - 2023-06-10,2023-03-08T20:10:00Z,FINISHED,2023-03-14T00:20:28Z,Tottenham Hotspur FC,AC Milan,DRAW,REGULAR,0,0,0,0,,,,,Clément Turpin,France
2022-06-21 - 2023-06-10,2023-03-14T20:00:00Z,SCHEDULED,2022-11-10T10:33:07Z,FC Porto,FC Internazionale Milano,pas encore joué,REGULAR,,,,,,,,,Szymon Marciniak,Poland
2022-06-21 - 2023-06-10,2023-03-14T20:00:00Z,SCHEDULED,2022-11-10T10:33:07Z,Manchester City FC,RB Leipzig,pas encore joué,REGULAR,,,,,,,,,Slavko Vinčič,Slovenia
2022-06-21 - 2023-06-10,2023-03-15T20:00:00Z,SCHEDULED,2023-03-09T01:32:02Z,SSC Napoli,Eintracht Frankfurt,pas encore joué,REGULAR,,,,,,,,,Anthony Taylor,England
2022-06-21 - 2023-06-10,2023-03-15T20:00:00Z,SCHEDULED,2023-03-09T01:32:02Z,Real Madrid CF,Liverpool FC,pas encore joué,REGULAR,,,,,,,,,Felix Zwayer,Germany
